login,username
"@PatrioteEngager","Patriote Reconquete SÃ©curitÃ©"
"@cloprats66","mercenarius"
"@ReacherVic86159","Victor Reacher"
"@ruimatias91","rui Matias"
"@Muneguuuuu","Romain Celis"
"@Laurent_Ryder","Laurent_ Ryder"
"@Fran97013Leb","FranÃ§ois"
"@Stef_the_Lamb","OLD PADA"
"@MontreTaCroix","Charles de France"
"@PLio314940","P Lio  SOUTIEN Ã€ C-NEWS"
"@melnanou59","Melanie"
"@josephineDB666","josephine de beauharnais"
"@VStauner","ValÃ©rie STAUNER"
"@Kevin_Poncin74","KÃ©vin Poncin"
"@DabateIolanda","Iolanda Dabate"
"@avastuschimius1","Vino59"
"@JLVR62410886","JLV 777    FREXIT"
"@whatever76100","NoName"
"@coquiatville","Coquiatville"
"@JMMartini20","Jean.artin ARTINI"
"@Tom_Honk_XVII","Tom Honk âœŸ"
"@cmdr_rtcnmp","cmdr rtcnmp"
"@Boquillon_R","Romain Boquillon"
"@tam_georges","George Tam_achino  #UltraMAGA #TRUMP"
"@ValrieAb211958","ValÃ©rie"
"@LouisGo29232266","Louis Gordon"
"@youmi1616","Youmi1616  #JamaisSansZemmour"
"@BCGa17","B 17 fichÃ©e Z"
"@Richteremm68824","Richter Emmanuel"
"@Y_othismos","Yoan Ù†"
"@jhirel","Judikael Hirel"
"@ha23771","Fred 74"
"@Joseph_Dastros","Joseph Dastros"
"@Sebybelle","Sebybayle"
"@ResiIsrael","resilience israel"
"@FilleGaia","Catherine paÃ¯enne France"
"@MazehMahdifr","Mazeh Mahdi"
"@StephBesancon83","SB#JamaisSansZemmour"
"@HMoqueur","Harry"
"@NathalieE0810","Nathalie"
"@Raylegouch68","Ray"
"@emmanuelgi99318","emmanuel girard"
"@frederic_bleuse","Lankou BZH"
"@Xtremisme","Xtremisme"
"@RetourMarkus","Le retour de markus"
"@DominiqueCroch2","Dominique"
"@PATRICE43183945","patrice"
"@madeinchaves","# MADE IN CHAVES"
"@OliveTinker","Olive Tinker"
"@Andimyl_Sophie","Andimyl-Sophie"
"@alain_bonenfant","Alain Bonenfant"
"@tiennetienne2","Ã‰tienne Ã‰tienne"
"@CoCoignard","Pierre COIGNARD - AINSI VENDAIT ZARATHOUSTRA"
"@papylolo12","papylolo"
"@souverainlf","FranÃ§ois Leblanc"
"@UltraMagaZfr","Ultra Maga Z"
"@Pistache_78","FireBirds"
"@Yatilunroien","Y a-t-il un Roi en France?"
"@GuyenJustine2","l'amoureux#jamaissansZemmour"
"@Paul00000002","Paul"
"@NaomyJoly","NoÃ©mie"
"@LBleuBlancRouge","Bleu Blanc Rouge !"
"@sistadunet","Sista LÃ©a Ù†"
"@Nicolas31140622","Nicolas"
"@Elle6483","Lilly Alisu D'Anoki"
"@DurandSbastie11","SÃ©bastien Durand"
"@Poutou149830331","Sylvia"
"@loris8383","83"
"@JavertVictor","JAVERT Victor â“©"
"@MarieAgnes2a","MARIE-AGNES"
"@NadouRonRon","Nadine s'en-va-t-en guerre."
"@EstFabienne","Fabienne C'est moi"
"@Krishnoo97450","Christel Chatillon"
"@Chadou__","Chadou"
"@jagger_jojo","Jojo JaggeR!"
"@boblib312","Bob Lib"
"@Lisabethdanj","Elisabeth R! /2022-2027/Remigration Totale"
"@Kevin1170356","moijesuiskevin"
"@Legarju","Mimi 40  R"
"@UdrNouvAqui","UDR NOUVELLE AQUITAINE"
"@Neojack2159R","Neojack2159"
"@admilister","admilister"
"@Elyefleur","sellena"
"@Lafranquizanzib","Lafranquizanzibar"
"@les_nenuphares","le bienvellant no vac"
"@Ricoud2000","Ricoud Z0ZZ #jesoutienslapolice"
"@jeanlucJeanLuc8","jean luc Jean Luc"
"@JeanClaude75544","Jean-Claude Le Breton"
"@AlexandreZyzeck","Alexandre Zyzeck"
"@Andimyl","ğ“ğ“·ğ“­ğ“²ğ“¶ğ”‚ğ“µ-ğ“¢ğ“¸ğ“¹ğ“±ğ“²ğ“®"
"@GiliZone","Zarathustraâ˜§ğŸ•†ğŸ•†"
"@Para_Bellum666","OldMonkey"
"@Z0Z7fr","Z0Z7"
"@Analyserlinfofr","Analyse l'information"
"@RHBOMB","Mr T."
"@Agathe1602","Agathe"
"@FranceJaume","Jaume Z ReconquÃªte. Patriote. MAGA"
"@pascallepetit1","Pascal Lepetit"
"@AtlantisOff","Atlantis"
"@juin_guy","guy juin /"
"@lacsap74200","lacsap74200"
"@inf_droitetoute","Infirmiere Patriote"
"@ddrdzCH","DDRDZCH AJMB-dÃ©dÃ© Rondez Le Retour"
"@Franck_LeGuen","Franck Le Guen #JamaisSansZemmour"
"@julh68","Julien"
"@MarionRose123","Marion Rose M."
"@motardrebelle","MOTARD REBELLE"
"@TorpenBrogarour","Torpenn Brogarour (GAELIC BZH)"
"@palouvic","Ğ¾ÑĞ²ĞµÑ‚Ğ°"
"@AgatheH17","Salade NiÃ§oise"
"@A_ga__the___","Agathe"
"@GILOO_ADROITE","GI BUS"
"@Emilezola2024","Jacques Uz"
"@Pessidesouche","Pessi de souche"
"@SaleRat_saldem1","SaleRat sale demain"
"@BenPatriote","ğ• ÃŸen | Patriote | Tricolore ğ•"
"@Haim77026isback","Haim770"
"@Rsiline160876","MÃ©lusine"
"@mindedman1985","mindedman  Amo Franciam #MEGA"
"@SeiichiKF","Seiichi"
"@MoniqueLethene2","Monique Lethenet #JamaisSansZemmour"
"@france_pat38466","ORIGINAL CASSES BURNES"
"@VirginiePerez15","France for Trump"
"@LaParisienne008","LaParisienne008"
"@lItalienneInPa1","InParis ! Ù†"
"@paul_benha93052","Paul Benhamou"
"@laudois","Jean Laudois"
"@anthh_21","ğ˜¢ğ˜¯ğ˜µğ˜©ğ˜°"
"@SaintTropezUdr","UDR SAINT TROPEZ 83 Var"
"@ADFELIX18","Adrien Felix  RECONQUÃŠTE"
"@Kevin_RN77","Kevin_G"
"@Breizhviva","Breizh Patriote"
"@JBemfair","Jean Bemfair"
"@taquinepasmamie","ğ“£ğ“ªğ“ºğ“¾ğ“²ğ“·ğ“®ğ“¹ğ“ªğ“¼ğ“¶ğ“®Ìğ“¶ğ“®Ì âœ¿â—•â€¿â—•"
"@ACTUFSI","Lâ€™actualitÃ© des Forces de SÃ©curitÃ© IntÃ©rieure"
"@Mauve_Rebel","REBEL WOLF"
"@FiersPatriotes","PatriotesFier"
"@HubermanThierry","thierry huberman"
"@quick_frexit","ANTIWOKE"
"@fleurlarebelle","Fleur Arnaud"
"@TheFlux376308","The Flux"
"@color_blind_man","colors-blind-man"
"@bazouka_80","bobby"
"@ChatNatio","Chat Natio"
"@kirazael","Kirazael le DÃ©fenseur ğ•"
"@JPD3S","Pasca12"
"@ChicFrenchy","Frenchy"
"@SEbNIBAUDEAU","SÃ©bastien NIBAUDEAU"
"@ropieled","deldel â“©"
"@AlicesBack","Alice Devone"
"@ordjoun","Ordjoun - à¤…à¤°à¥à¤œà¥à¤¨ -"
"@patderq","Patderq"
"@prairial26","espoirdumatin"
"@Lord_Blackwood1","Lord_Alex_Blackwood"
"@ChantalGor58885","Chantal Go alias Stafy Locoq AbonnÃ©e"
"@09Copain","09Copain"
"@RubagottiAdrien","Rubagotti  Adrien"
"@RemiIslay","PierreDenis"
"@FlFranleb","FranÃ§ois PlutÃ´t pÃ©rir que subir"
"@fabiennehol_NS","fabholv#merciNS"
"@TetaultJean","Sigiriya"
"@MarcHaas57","Haas Marc"
"@FranckMont94683","Franck Montana"
"@GallSylv13","StopAssistanat-StopSubventions-AssumeTonMigrant"
"@gontrandkosmala","Gontrand.losmala"
"@jean134567","pedroâœÙ†"
"@poutaine","vladimir poutaine"
"@Zoltan_47","Le Crapaud"
"@encolere2023","Jean ColÃ¨re"
"@aureprod","AurÃ©prod"
"@onestdanslam","Ste Bourse"
"@guillaumetrs","Guillaume"
"@SharlelyVibes","â—‰ âƒ¤ SharlÃ©ly Saint Germain"
"@Esperanza042022","EspÃ©rance pragmatique"
"@mademoisellepeg","mademoiselleLouise"
"@Mostra_no","Mostra"
"@FloNoidea59932","Noidea Flo"
"@HOHENSTAUFEN62","ASCHE"
"@albundy40231777","al bundy"
"@MahieuPhilippe","Filou anti bou"
"@BeharGiacomo","Giacomo Jacques BEHAR"
"@Tigrero28757044","Tigrero"
"@NDepresles","Norbert Depresles"
"@FredLacorre","LACORRE fred"
"@fredsubirana","Geai moqueur Ù† ğ•"
"@dominiquel12281","dominiquelegrand"
"@renard_patriote","Renard_Patriote"
"@lfv_fred","VasYDon Tapofon  Occitanie"
"@BergmanKatia1","Katia Bergman"
"@alaingo64910311","alain gonzalez #PIC"
"@ThierryMsTNS","TITI TNS"
"@Christian95410","Tonton"
"@AmyLeeinUSA","Amy Lee"
"@McParis83","Mc Paris"
"@DomDomDomB","DB20000"
"@MarieBV2368","Marie Berthelot V"
"@OLF92400","LE FAOUDER O - Breizh & French"
"@devoir_et_droit","Macrontourix"
"@phil062025","Un NiÃ§ois qui pense bien"
"@DeFlorett15","Raimon-RogiÃ¨r Trencavel"
"@LeSuperCanard","Super Canard"
"@FloreFrancaise","Flore"
"@Shibari_Kawshi","á•á‚á¥á•á‚á¥"
"@kermitgreen76","Kermitgreen"
"@Malotrufr","Malotru"
"@julienne1773","Julienne DAVID"
"@zepek_20","Roâ€"
"@flivio3","la f"
"@FPalfroy","Franck Palfroy"
"@PLanonyme","Philou LANONYME"
"@Jym292","Jean-Marc"
"@houdersen","houdersen Armenie Israel"
"@fleursdecactus7","TAILLEUR"
"@adrien_lecorvec","LE CORVEC Adrien"
"@RobinVilles","Robin des villes"
"@SamaelMornings","Samael Morgenstern"
"@DupontN44022861","Dupont Nicolas"
"@Geronimuslll","Geronimus lll"
"@zeigeralexandre","Alexandre Zeiger"
"@ribadeochaud","Ribadeochaud #R"
"@Lejusticier0000","gg"
"@Francais_2_Souc","FranÃ§ais de souche"
"@steph16656","Steph des Ste Marie"
"@isabelle_leole","LÃ©ole Isabelle"
"@Daenery_Snow","ê§â€¢âŠ¹Ù­ ğŠğšğ¥ğ²ğ¬ Ù­âŠ¹â€¢ê§‚ âœ°"
"@BonfilsPat1","Bon fils Pat"
"@CourrierIn32221","Dobby"
"@Espaceman1","FRANCOIS, jean paul"
"@LombardHermance","Hermance Lombard"
"@patrickmallet14","Patrick Mallet"
"@Mjolnir8","Free #Frexit #RicTm #EDNS #WW4"
"@CFSAOV","ComitÃ© FranÃ§ais de Soutien Ã  Orban Viktor"
"@InMemor_IA","In Memor.IA"
"@Satnonyma","Nonima"
"@Didd_died45","FrÃ©dÃ©ric Didier"
"@JeanCharlesGer6","Jean-Charles Germain"
"@Saephirocks","Saephirocks"
"@wistie3","wistie"
"@ClosYannick","clos yannick"
"@jhell92","valeurs inversÃ©es"
"@Moise201672a","Moise2a"
"@VALBERG05","ValÃ©rie M"
"@hugues2payns572","hugues de payns"
"@Sudfrancilien91","Chticilien HervÃ©"
"@Patriotixx","Hkey"
"@FitproSuisse","Chris D"
"@STUMPY21000","Ben On Rise"
"@PhilippeFleury2","bulldogdu12"
"@Bohumil_Jan","Vaclav Borec"
"@OrionSBT","Orion Sombretoile"
"@DesertShroom","Shroom in the desert"
"@Hippocampepour1","BonVentATous"
"@LucaAchache","Achache luca"
"@Tom82100","Thomas"
"@GASNIERNicolas2","Nicolas Gasnier"
"@gitanos_laora","stef"
"@CitoyenneHexago","CitoyenneXPatriote"
"@horelseb14700","SÃ©bastien Le Falaisien"
"@LiliPenseuse","Libre penseuse"
"@ChristoheEmber1","Filoue"
"@UnCitoyenMoyen","Un FranÃ§ais Lambda"
"@i_decrion","Isabelle DECRION BALDO"
"@ArwenPatriote","Arwen le Patriote"
"@alexysiktrice","Alexy"
"@ZemmourZ0Z7FR","Zemmour 2027"
"@JeanlucBayrou","Jean-Luc 31"
"@refractaire1er","Yalta"
"@MarieThrse33512","Marie"
"@Franceunsoumise","La France Unsoumise"
"@eri98690","Citoyen avisÃ©"
"@jeanmarc630624","cola jimmy"
"@rgr20684835","rgr"
"@frankazka","FranÃ§ois SuÃ¡rez"
"@mat_le_gaulois","- Mathieu -ğ•-"
"@Nominoe922","Nominoe"
"@LaFotDiSiounist","Ci La Fot Di Siounist"
"@Jhadopi1","Jean Mouloud"
"@MarieeiraMFauve","Fauve"
"@vincen13000","JÃ©rÃ´me Vincent"
"@Mercenarius5","Mercenarius 55"
"@phyloza","Renan"
"@moniquebreton10","monique breton"
"@JeanLuc1478049","Sentinelle"
"@caillote94","Caillote94"
"@COCOCANNELLE13","COCOCANNELLE"
"@pasdaccord07","Gianluca"
"@NicolasHENCHE","NH"
"@MannlichT34524","Mannlich T"
"@FranceWoke","WokeFrance"
"@nicolas_roro91","WokeHunter"
"@Amar2423","Donald Trump"
"@CathyAlpha1","Catalina"
"@_CorBak_","Cor Bak Xpisti Sigillum Militum"
"@Ll20084","la poto patriote"
"@Pas__Steque","Pas Steque"
"@Louisvailant","Le Vaillant"
"@annie_torrent","Anne de Lyon"
"@anonymement0820","anonymement moi"
"@Pascal1062","Pascal 1062"
"@Zorro_Z0ZZ","Le Z de Zorro"
"@LouiseLec5951","Louise la Patriote"
"@rodolphseamus","rodolphseamus"
"@alleo77400","SÃ©b le patriote"
"@pegasusbridge14","Disorder"
"@francaisechloe","ChloÃ© la FranÃ§aise"
"@Oliver4018","Oliver40"
"@DocteurWoe","Isaac Woe"
"@apokrif1","CHevaliER CaldocHE"
"@Fourvmou","IDEL LibÃ©rÃ©e"
"@Franceisback1","France is back"
"@MichelLavarenne","MLV"
"@JulesdouardDUP1","Hugo, libre dans sa tÃªte"
"@TroCasse","FloLFIla Macronie  Union des droites!"
"@naphissa007","Vanessa â“©"
"@civilisafrance","Mickey vous"
"@FrancoisSolog","Sologne FranÃ§ois"
"@NationProRusse","La France U.D.R"
"@Fregono2","Fregono du Berry 2"
"@VoxPopuli_Media","Vox Populi"
"@doubleSkeggox","SkeggÃ˜ks"
"@MorizeVirginie","Morize Virginie"
"@Gandjuge","KONTRAKTUEL, le mÃ©dia total."
"@TaranisFrance","Taranis France"
"@martinimk56","martini mk 56 BMW"
"@AbbotAmaury","Arnaud Amaury"
"@snykeurs","Snykeurs"
"@KyranaFR","Kyrana"
"@titigirondine","titigirondine"
"@vielo1420","vielo"
"@LicornePat","Licorne Patriote"
"@jwr57990","Chegue va"
"@ldd64","ldd64 Ù†"
"@BagnoleAu85581","Bagnole sophistiquÃ©e perpendiculairement au Bresil"
"@ChristianG5518","Christian Bernard"
"@M_Brousse_Lit","Brousse lit et pas devin"
"@ColeVeritas0ne","Patriotes Soldiers"
"@loupcruel","CROCBLANC"
"@NannyCool5","Nanny Cool"
"@BONE201259","BÃ”NE"
"@conteniente","ONTENIENTE CHRISTOPHE"
"@Odgi_","ğ•†ğ••ğ•˜ğ•š"
"@Toto82007","Toto82"
"@BabetteCottenc1","Mamie Bab"
"@Renator742","Renator"
"@Lesudiste134","Paufert Paul"
"@MeloniGemma","Gemma"
"@Z_Pour_Demain","Xavier_â“"
"@DreamerMan69","FB"
"@BernarddeFAUSTI","Bernard de FAUSTI"
"@GaelArverneGeek","GaÃ«l  tout simplement"
"@krysteltetelle","krystel#BZH"
"@SaleFripon","Jean Naymar"
"@Jaguar573","Jaguar57"
"@SiSiTuPartira","Rudy"
"@gi_joe1234","GI Joe"
"@Audrey_k1983","Audrey k"
"@Carteman75","Geoffrey"
"@bonsensbordel","Du bon sens Bordel!"
"@JMontalte","Jean Montalte"
"@Le_grand_cirque","Le grand cirque"
"@Jackf20976671","Le prÃ©nom"
"@TheFrenchPool","Poolthony"
"@Stopowokisme","Etio"
"@Laroma18","Laroma"
"@ficusgaulois","ficus gaulois"
"@EloS56397290","Elo.S  #JambonBeurre"
"@hervegps","HervÃ© RAMA"
"@Nissa060770","Nissabella"
"@JGJWN17","Julien"
"@PessiTriote","Pessi Triote"
"@bbptlr","Bâ‚¬rtr@nd"
"@tatalle5","Chavi"
"@ValetteFrancois","UnitÃ© Patriote Souverainiste"
"@Renardo974","Renardo"
"@leChatDroitard","ğ•·ğ–Š ğ•®ğ–ğ–†ğ–™ ğ•½ğ–Šğ–“ğ–†ğ–—ğ–‰"
"@emhutter","L'Archange"
"@Bob45thechocobo","Bob45"
"@JBrugjre","jdeBrugjÃ©re"
"@vaevictis13","Vae Victis"
"@Remy_Fassol","Remy Fassol"
"@MaIsa51622205","MaIsa"
"@RomenShapira","Romen shapira"
"@SophieBrun15","SophieBrun"
"@JulienSene51","Julien SENE"
"@WeWillWin555","IronLady"
"@lericainfion","LE RICAIN LA NOUVELLE DU FION"
"@HommeMarginal35","Homme Marginal"
"@jeanmichelbizet","jean-michel bizet"
"@SmokingPepe","SmokingPepe"
"@louloudemamina","Kiassa"
"@mat29777","mattias"
"@catho_z","Z_Catoh-France"
"@zinga_blues","ZingaBlues"
"@tonton_dav31277","Tonton David"
"@MrBronquardLoic","LoÃ¯c"
"@pato50715","jardin patoche"
"@StephanArnaud","Arnaud Stephan"
"@ARDESTANIREZA","REZA ARDESTANI  #jambonbeurre"
"@mdx63","MadMax"
"@RoussetAlain5","Rousset Alain"
"@JYDNice","JYD Nice"
"@AlexJ_Caballero","Alex Caballero"
"@CHATONE66","CHATONNE"
"@rainbowrubis65","RainbowrubisARTâ˜¨ SUNSHRINE ERA"
"@HadrienB38","HadrienB38"
"@toph96559","Christ Tophe"
"@DameBeatrice2","De Montmirail BÃ©atrice"
"@stayone10","Stayone"
"@le_prestre87692","SÃ©bastien Le Prestre"
"@mgblaquieres","Maryse-Gilda BlaquiÃ¨res"
"@PatRiot1953277","Pat Riot"
"@yann6904","Yann"
"@AcideLeRevenant","AcideLeRevenant"
"@fatihabadaoui2","badaoui"
"@dreau_p","Dreau P"
"@SnoopyOrion","Snoopy"
"@SoniikUuk","Sonik"
"@HectorW25051214","Hector W."
"@Danhalakha","Dan Halakha"
"@hugo_toorop","Hugo Cornelius TOOROP"
"@sozedde97897","Alexandre"
"@auvergnat43410","Louison Bobet et son vÃ©lo"
"@MarcellineDuha1","Chipie Vive la france"
"@Thomas_France75","Thomas_France"
"@Jul_Patriote","John MATRIX"
"@Belenos_FR","Belenos"
"@previal94","Previal"
"@petroszozz77","ZOZZ77##RECONQUETE!#ExtrÃªmeFrance"
"@Olivier_Sgn","Olivier"
"@sjaimie1","sjaimie"
"@Sans_Concession","Nechama"
"@assosanspass","Esprit libre"
"@JeanBap05771306","Jean-Baptiste"
"@chatloyaliste","Le chat loyaliste"
"@BrigitteKrauze","BrigitteKrauze"
"@vkb_f","Amanite PhalloÃ¯de"
"@Joelbp974","JoÃ«l Bordeneuve-peres"
"@ReloadInProgres","Reload in Progress"
"@Ld_Ville09","Ludovic.D"
"@JeanBon1960","BON Jean"
"@agneshka98","Agneshka"
"@JVerier","JP VERRIER"
"@Azimov5705","Membre"
"@Pompiersuspendu","La Soules"
"@Freemind2100","#PatriotesFrance"
"@butterfly_sr","Stephane Ù†"
"@TheoryJuan","French_ Cuisine"
"@LaderneA","Laderne anne"
"@AlassusDebit","Alassus DÃ©bith"
"@_AJ06","JeanAicard"
"@patrickjm2002","Pejiem"
"@ElPepithos","APOSTAT_ET_FIER"
"@beansavusa","Borduelle"
"@jeffBDX","jeff de France"
"@Zayatoshi","Zayatoshi"
"@LouisC70615","Louis Cargill"
"@PatrioteVendee","VendÃ©e patriote"
"@frenchboy1966","lolo27"
"@chantalmerle","CHANTALMIAMI naissance citoyenne des"
"@Alfonsedosdane","Alphonse"
"@ArthurJM6","Arthur JM"
"@Livret_Anodin","Livret Anodin"
"@FaureMi","michel.faure"
"@Ber59370Lbi","LauXxx"
"@mathusal8m","MĞĞ¢HUSALĞ•Ğœ"
"@fredys770","FRED DAS"
"@bayard_jacques","BAYARD Jacques"
"@ParkerSimpsons","parker simpsons"
"@Antoine69420300","Antoinette"
"@CubitusN","Tu l'As Dans Le Cubitus"
"@oxidanse","FRANCSHIZE"
"@sherly6969","sherly6969"
"@EYM29200","EYM29200"
"@Bonaparte176908","Bonaparte"
"@Slovinskipierre","Slovinski Pierre"
"@RonnieJBis","Ronnie Jordan"
"@MonvoisinFabien","Fabien Monvoisin"
"@jeanphiFr","PÃ©ret jean philippe"
"@Corinne37944","Corinne"
"@ValentinMcDuff","Valentin McDuff"
"@20_cent46","Ã“"
"@ErwanB29945","le Celte"
"@LVF_3","LeVRAIFranÃ§ais"
"@KriloffS","Kriloff SÃ©bastien"
"@Turlottejp06","JPAlgarvian"
"@seb_paname","seb_de_paname"
"@LuDAU31","Luâ€™Do"
"@alucard__17","ğ€ğ¥ğ®ğœğšğ«ğ"
"@FrenchAussieQld","Andrew Coulton"
"@PortierPhilippe","PhilPort"
"@Ben359529221783","Ï€Î±Ï„ÏÎ¹ÏÏ„Î·Ï‚ franÃ§ais..."
"@blood_brother00","CommunautÃ© IDENTITÃ‰ LIBERTÃ‰S/ Marion Marechal"
"@SobkowiakRolan2","Roland S B K"
"@CornecMerlet","Marylin"
"@pandadoux","Pandadoux"
"@irene_viale","IRINA13/83/97"
"@sperenzo777","Sandro"
"@CricriDam4","CricriDam4 PATRIOTE SOUTIEN"
"@patriciamoletti","Patri Ambrosio"
"@Annb73823301","Annb - UNION DES DROITES"
"@christel_w74019","Christel"
"@Milhpertuis2","Milhpertuis"
"@MichelQuebec17","quebec1768 #FrancePatriote #JeResteSurX"
"@occitazen","Occitazen"
"@LeNoctivague","Le Noctivague /I\"
"@actuenvif","Actu en Vif"
"@luisadasilvaal2","Lisa"
"@MyriamB7523","Myriam"
"@Irenedanj","IrÃ¨neDanj"
"@Divine_Angel69","Divine Patriote"
"@j_c_dusse25","Jean Claude Dusse"
"@LauronNicolas","Nicolas Lauron"
"@_pairme_","MP"
"@missgpadbol","Miss TINGUETTE"
"@FilleDFrance","JE CROIX"
"@Rey_062","R!eynald"
"@GodSaveTheCrown","Erik.UnitedKingdom-France"
"@Hd_65M","Hugo"
"@LeMarseillais_4","Gonzague"
"@stefresac","DefrÃ© SWAN"
"@ertseled491","VallÃ©e de la Semoy"
"@infoblocagefr_","Info Blocage France"
"@ClaudeCizek","Claude Cizek"
"@Debeaulieu8","Debeaulieu.nour .la France est morte."
"@Vegeto232","Vegeto23"
"@fabien_mtp","fab-mtp"
"@DeboutGenteGens","Martel..."
"@jpp6962","vlom"
"@suiricsuiri","L-Islam nous a dÃ©clarÃ© la guerre !"
"@Urendi_Maleldil","â™—Urendi Maleldil!"
"@UCDM527507","La chaÃ®ne du TROLL"
"@Stephane_Poli","StÃ©phane POLI"
"@KEpanouie","karine Ã©panouie"
"@MimieRop1","ğ“œğ“²ğ“¶ğ“²ğ“® ğ“¡ğ“¸ğ“¹"
"@olivierlecoq","Olivier Le Coq - ReconquÃªte IDF"
"@JCM62MJC","Jean-Claude"
"@GuyPalat1","Membre"
"@MPetelet","Mathieu petelet"
"@LaetiSe74","LaetitiaS"
"@Christi14249824","Christian C.B."
"@WhoWhy58","Enough!"
"@tybert2018","Tybert2018"
"@Hermogene84","HermogÃ¨ne"
"@DeidaraIwa41143","Brianticom347"
"@Jul_Taxi","FrenchPatriot"
"@AmeEcriture","Ã‚me"
"@DaudyJean78887","Jean Claude"
"@MoonSkillers_","clÃ©ment"
"@_bien_commun","Ze Fisch"
"@moses6532","maurice"
"@egressora","Serge Egressora"
"@oxmodidi","Cyrillus"
"@heronsuisse","HÑÑ!Ğ¾Ğ¸"
"@LeMagnifiqueFR","Le Magnifique"
"@Yoni__Tzioni","Yoni Tzioni ğ“‚† ÙŠÙˆÙ†ÙŠ ØµÙ‡ÙŠÙˆÙ†ÙŠ â€¢ ×™×•× ×™ ×¦×™×•× ×™"
"@hoflo","Flo ğ•"
"@Charlenry17","HENRY Charles"
"@Mickael76D","Mick"
"@Jepisor","jipsor"
"@ElectionFr2027","Parti Complotiste"
"@Paulemploi6498","Paul emploie"
"@TaravanaLife","Ouutch987"
"@dewokisateur","Contrecaps"
"@giles_et","GI jo patriote"
"@2300Chri72687","christian"
"@contre_poison","Journal Contre-Poison"
"@eustone_","Shady  ğ•"
"@JY2CHARLIE","JY2CHARLIE"
"@robobroll","chante sloubi"
"@ericlepatriote","ericl"
"@farnc_ben","B3n F4r3nc"
"@whathef85","Max Ime"
"@jfg1605","jfg1605"
"@RNouvAquitaine","RECONQUÃŠTE NOUVELLE AQUITAINE"
"@PaslapizzaJ","Paslapizza James"
"@extremefrexit","ExtrÃªme France"
"@saaidi_mabrouk","mabrouk saaidi"
"@SmartSoothSayer","ğ• Harvey HOOPER"
"@TMOY07253013","TMOY"
"@extremefrexitna","ExtrÃªme Frexit Natio"
"@MariePauleDUMO1","MariSara S."
"@JamesAl12169162","Alcala"
"@Davelefrancais","Dave 007"
"@Faa_Raito_Uingu","â•°LeCapitaineAilÃ©â•¯"
"@JeanMairede","Patriote DÃ©possÃ©dÃ©"
"@boy58143","G.F"
"@phil_fouineur","PHILOU"
"@prestigeautore2","claude Ckleinbauer"
"@Laurent56895090","milites"
"@AnthoVousTroll","Antho"
"@garciasandrina","sandrina"
"@LD280412","L.D images"
"@Val_de_nuit","Val  #PIC"
"@Irene_056975","BERENYI IrÃ¨ne"
"@jefflct","Per ardua ad astra."
"@DupontLaur7977","leDahliarouge Ãªtre soi-mÃªme, câ€™est Ãªtre heu.."
"@absurdehumanite","Cocotte & Co"
"@NatachaOlynka","Flore de Brissac"
"@MondonStep9956","Stephane Mondon"
"@jbmigeon","Jean Migeon"
"@Bridellight7","Bridell"
"@BilleauFabien","fabien billeau"
"@routoli2","Routoli2"
"@PatrioteSarthe","Patriote"
"@Oursbrunpetit","Ours"
"@RXyyxyxy39662","Mathieu / ĞœĞ°Ñ‚ÑŒĞµ"
"@Avanpil","A.Vanpil"
"@GermainHen7169","Germain Henri"
"@ThomasNekoVN","ThomasNeko"
"@immigration0NON","Charles MARTEL 732"
"@braconnier1812","BRACONNIER Nathalie"
"@JeanJC06","Lanceurdalerte_"
"@cVador4","Dark VadorÂ©"
"@NessVador","sniper  #Patriote"
"@fairedesonmieux","Dr Robert"
"@LeRenardNet","Le Renard du Net"
"@Patriote_Occita","Patriote (HÃ©rault)"
"@DoMontel","Do"
"@LaMartreBlanche","La Martre Blanche"
"@AG07PHL","Fredo Capitaine dâ€™armÃ©e"
"@Rover75mg","Rover75"
"@Kaleyc911","Charles Tanepau"
"@sirhcgd","LA BAGUETTE"
"@L_Bontemps","LÃ‰O BONTEMPS"
"@Patrici54503023","Patricia"
"@_JFR7","JFR"
"@Pythagore327_R","Pythagore327"
"@jo_ouch","Jo Ouch"
"@PietreMarie","F. Marie-Pierre"
"@Brest_fr84","Shamir SarkÃ¶zy"
"@ValereCohen","Valerie Cohen"
"@HourregueH65898","Helene Marion H"
"@f_dpdr","Fdpdr"
"@ouioui1889","riri"
"@sentynelle","ripp"
"@anarofsparda","Dark-Alpha"
"@Lepatriote29BZH","Le patriote breton"
"@642Fiat","Membre"
"@Benlous93","Benlous Kun-Farm"
"@ToledeLouis","Tolede jean louis"
"@HoFabien","Bayard92"
"@jeff_assetout","Jeff  Assetout"
"@SAkhenat","rantanplouf"
"@clement_bcd_","ClÃ©ment"
"@ulysse75010","Ulysse75010"
"@ArthusBrega","Pastafaripirate matricule 21726"
"@EmilieTuThai","Ã‰milie à¹€à¸­à¸¡à¸´à¸¥à¸µà¹ˆ"
"@JeanneAline9","Aline de France"
"@johnnythunders9","johnny thunders"
"@2027Bardella","Bardella 2027"
"@Coeur26404664","Coeur"
"@Charlie94943672","Charlie Bravo"
"@VandenbergheAn6","Vandenberghe Anne"
"@taliesin1965","Myrddin Montjoie Saint Denis"
"@Danomatch","ğ•®ğ–ğ–†ğ–—ğ–‘ğ–Šğ–˜"
"@jofmegchan","Geoviti"
"@XCIC","Chris  PhD"
"@pipotbingo","pipot bingo"
"@URoyalev94811","Unite-RoyaleV  â“‡â“ âœ"
"@JcMMarechal","Jc15"
"@herenuii771","Sandra Guerin UEphobe"
"@PapyPoneyclub","David de LACLOS"
"@RouanetLoulou","IntÃ©gralisme Organique (Florian Rouanet)"
"@TranquartM","MT19200"
"@Alexis14_59","Alexis"
"@tattoo1519","S.Holmes"
"@brosed_olivier","Olivier Brosed"
"@Darkrevan86","Gloriam"
"@Daval1921","HarDX"
"@Elena_al_limite","Elena"
"@GenevoisJeanne","Jeanne g"
"@TheTrueRAUM","á› RAUM á›"
"@Jac33233372289","Jac"
"@HenryFlecher","Membre"
"@Siys07505965","Ju  FrexiteurGaulliste"
"@Guilletchriste2","Guillet christelle #JamaisSansZemmour"
"@leChatRenard","ğ•·ğ–Š ğ•®ğ–ğ–†ğ–™ ğ•¯ğ–—ğ–”ğ–ğ–™ğ–†ğ–—ğ–‰"
"@Coline255","á´…Ê€á´Ì‚ÊŸá´‡ á´…á´‡ á´…á´€á´á´‡"
"@CatherineDIFRA2","Catherine DIFRANCO"
"@MarieThrse33513","Marie"
"@PatbolPatr48618","tous azimutÃ©s"
"@Jean28109799","Le dernier cathare ZOOZ R!"
"@Kasimodal","Ben & Nuts"
"@cantindavid31","David patriote"
"@PadrinoClaudio1","il Padrino"
"@Longinus119","Longinus11"
"@goniesa","ğºğ‘™ğ‘œğ‘Ÿğ‘–ğ‘"
"@godefroid_de","Godefroid De Montmirail"
"@nimegue70","Sequanes"
"@Septenza2","LOUIS"
"@b18_k2","K2 B18"
"@Tubalcain66","Proserpine"
"@DavidRsvkbp79tz","GROUPES DES ANCIENS LÃ‰GIONNAIRES PACA"
"@prvaldoise","PR VALDOISE"
"@ultimablagnac","Nicolas Lechaptois"
"@ChristopheArem1","Commissaire Juve Skywalker"
"@cekouac","CÃ©kouaÃ§a ?"
"@PierrotMilan","Pierrot Milan"
"@CANALVOCALIBRE","French ğ•"
"@edelannoy437","DE DROITE+++++ ARRETEZ LA CATASTROPHE"
"@YothAnn01","YothAnn R!"
"@siredebeaumont","Amalric de Beaumont"
"@Atricedaclo","nurse clo"
"@christian6872","Christian"
"@roro_le_natio","Roro_Le_Natio"
"@San71684","Sand63"
"@BurgerPe","pierre burger"
"@chteau23","ChÃ¢teau dâ€™enfer"
"@ProteusTrask","Proteus.Trask"
"@lepatriotedu_69","LE PATRIOTE"
"@BREIZH2700","Kaplar"
"@findumonde2050","196808"
"@FranckCoppola","Franck COPPOLA"
"@Flotarro","FLOTARRÃ•"
"@lucie_dite","Lucie DitÃ©"
"@BernardGhilain","ghilain b"
"@BatailledeFr","libertÃ© ChÃ©rie"
"@alexXDraKe2","AlexX"
"@Philipp_Tux","#gueux #JeKiffeX #AgriculteursEnColere"
"@mister_negatif","Mister Negatif"
"@Vincent48159082","RÃ©sistance ! Gardons notre mode de vie."
"@rodloureiro","RODRIGO LOUREIRO"
"@Meh10now_MS","Mehdi Snow"
"@garandy31","AndrÃ© GARCIA"
"@fabienne_laune","LAUNE FABIENNE"
"@Lalala_Vie_","lalala vie"
"@lilinanagina","Ginalili"
"@fbu_82","Frank Buhler PatrisphÃ¨re Info"
"@VinceMLaFrance","VincentMLaFrance"
"@Gab39422477","McP"
"@david_hart99999","david 33"
"@QuentinooooM","Quentin-Le-Patriote"
"@YazidHami_RN86","Yazid Hami"
"@psorin56","Patrick Sorin  #PatriotesFrance"
"@G_deMelville","Gonzague de Melville"
"@Wolfyus","Le Loup"
"@BdOeno","DorÃ© Benjamin"
"@MichelPrieur77","les amis de Sarah knafo"
"@vapOsaure","Rasâ€™Takouett"
"@SoazigBzh5","Margotte d'Armor Bretagne Ã  tribord toute"
"@JunkyFromHell","Jibey"
"@ch_maill","Châ€™maill"
"@lepatriotefr__","Patriote franÃ§ais"
"@momoi350","kalif"
"@Atlanti80526413","Atlantis"
"@JTJANIEC","JoÃ«lle R!#Patriote45"
"@rthilay","R. de Thilay"
"@LouIs9751339101","Lou Is"
"@jcjulliand","Jean-Claude J-R!"
"@RoFrancais","Robin des franÃ§ais"
"@pascaltintin","alfred barnabe"
"@Michel78118339","Michel"
"@claudia26110","Claude R."
"@CrisTofZemmour","Cris Tof"
"@CossangeT","Cossange Thierry"
"@CougarMax","Membre"
"@cirose_olo","ciroseolo"
"@pois5752","Albert P."
"@veilleuxm235","Michel Veilleux"
"@Nazgul_Hai","Dark Watcher"
"@PMistrot","pierre"
"@LejeuneAnne2","Lejeune Anne"
"@DANASCULLYXF76","VALKYRIE76 â“ Â®"
"@Boudriolle54","Hubert Boudriolle"
"@Surferweb24","Surferweb24"
"@trinacrie","trinacrie matricule3263 #non vaccin"
"@orlanitoo","Orlane"
"@ArianeNextFR","Ariane"
"@Daniel57500","daniel de Moselle"
"@CedRn972","Crampon CÃ©dric"
"@mart46852","GÄ™reÄ ZjerÃ­m"
"@Marcel45496433","Howard"
"@joelpeppone1","Figli di Patriae"
"@BerserKraz_","Berserkraz"
"@BrehatErwan","Erwan Brehat"
"@x_MyGodisaDJ","Gabriel D."
"@LaureAmbard","Laure AMBARD"
"@Idrition","Idrition"
"@MorelTom74000","Tom"
"@kriskraft12","chriscraft"
"@QuentinDek","Dekk"
"@jojoculazo","Je perds foi"
"@nykos_FR","Nykos"
"@francaislibrega","jean Leblanc"
"@MARIEsimone3970","Mlle de France"
"@micmxm2142","michael amblanc"
"@DidGrat","Didier Grat"
"@Viraltif","VirginieFrancePATRIOTE"
"@1966forever","Jean Luc"
"@Ligne__Droite","Ligne Droite â€¢ La matinale de RC"
"@ClerHug","Cler Hug"
"@cook194885","James Patagueul"
"@vraiegarde",".ğ“¥ğ“»ğ“ªğ“²ğ“® ğ“–ğ“ªğ“»ğ“­ğ“® ."
"@Vince_3301","Vincent"
"@Gilles_Babar","Compte de Conspiration"
"@Dubsconqueror","Le conquÃ©rant"
"@KeltPat","Kelt-Pat"
"@BoGossPrebackup","Beau Gosse PrÃ©tentieux_Backup"
"@JGodefroy33","Vlad Godefroy"
"@DamiPassi","Dami passi"
"@Aiglondor","Aiglon d'Or â€‹"
"@duchessedemars2","Duchessedearseille"
"@DaN82200047","DaN"
"@Myriam170874","MB"
"@LesmediasM","LesMedias MeRendentMalade"
"@Paul14591","Ivar"
"@Bfractale","Olden F"
"@baywatch050135","Bruno BAYWATCH40"
"@AizeMK","Aizemk"
"@Angel56k000","Angel 56k"
"@AmvMlg25434","Entriote"
"@antimerluchon1","UneProfAuPaysDesWokes"
"@Conspidefense","Conspiration Defense"
"@Maybela67651031","Maybe_La"
"@_KrazyJack_","Krazy Jack"
"@JeanPr0fite","Jean PeuxPlus"
"@Aktarus24","Yan Mani"
"@lavemowill","Fala Will"
"@Surcouf_92","Surcouf"
"@fdz_chris14946","Chris fdz."
"@JeanNai42631596","Jean Naimarre"
"@LaFranceOuRien2","La France ou Rien"
"@AntiGauchiste11","AntiGauchiasse"
"@hau_didier","Didier Hau     LÃ¨ve-toi, resplendis"
"@veritevraie80","VeriteVraie"
"@urbany73","urbany. jamais sans Zemmour"
"@DuduAntoine","Anto Du Wood"
"@waslal2005","waslal2005"
"@Antoine08741727","Antoine"
"@scameo","ParamÃ©cie des Murailles"
"@FRO_LIAN","Frolian  . . . Ï† = Furoncles"
"@Nina_s_mind","Nina_s_mind"
"@LilloisPatriote","Lillois"
"@EricCAMA","Eric CAMA"
"@pollyroger2","polly roger"
"@ikerxyz","iker"
"@ronde43383","Charles Martel"
"@MaguiTobac","Magui Tobac"
"@Je_suis_RF","hugo"
"@daronne72","daronne72"
"@IsaF67","IsaF"
"@Gwen020133","GwenaÃ«lle"
"@levequemarc85","leveque marc"
"@mwgafr","MWGA"
"@hasbiyallahwani","Hasbiyallah wanimal Wakeel"
"@LaFrForte","LaFranceForte"
"@petitpetard8","Petitpetard"
"@Kylian31321473","Keylian"
"@Neptune3333333","MMM"
"@Ricola92000","Eric"
"@SpagnolHugo","Spagnol Hugo"
"@kukuthepraline","Membre"
"@H_liberty2","H - LIBERTY"
"@AntoineKoe95447","Antoine Koenig"
"@EdgarPuaud","Edgar.Puaud"
"@bodino6","bodino"
"@fannybleuet","Nicole Saintot/Atika Moret"
"@francaisLibre02","La.France.Libre.eternelle"
"@Stonepic1","Stonepic"
"@31_mayanne","Belle des champs"
"@CarlitaB2A","Carlota"
"@i_cerveaux","Eric Vexau"
"@epeedelajustice","Epeedelajustice"
"@GuilF1159","G."
"@Onizukaalala","Onizukaa âœ"
"@jusko_bout","JuskoZ"
"@Fred55907531","Fred"
"@MamaMia853","matt"
"@MAnthoParis","Antho"
"@addonflow","L'outside"
"@ThomLePaladin","LePaladin"
"@marianne632","letice"
"@BALZAC2004","LE PATRIOTE DE PARIS"
"@FMarcaneshermes","FranÃ§oise Martin"
"@colored_mike","Reiji"
"@BougiesNounours","Fredleds"
"@Aloyreyn","Alorey"
"@BourillonYoann","YoannFrance"
"@Tesse_Tickle","Tesse_Tickle"
"@VincentProPh","Vincent"
"@che88297","Justepourvoir"
"@Linajolie21","Marie SAUVAGEOT"
"@franoitchev","Franoitchev"
"@BM_BZH","BM56-BZH"
"@Libert2penser1","FranÃ§aisLibre2Penser"
"@Neenett13","Neen"
"@delecroix_jp","JPDelecroix"
"@aurelie_surget","AurÃ©lie Surget-Roy"
"@DavidFoal","Foal"
"@IiJaehaerys","Jaehaerys II Targaryen [Arkaennon]"
"@RefracGaulois","Gaulois refractaire"
"@marrav404","Marra valentina"
"@gigideprez","Giryes"
"@DadouRegisseur","dadou_le_regisseur"
"@LaTortueTordu","La Tortue Tordue"
"@CapitaineValeur","Capitaine Valeur"
"@JeanPie52085785","Jean Pierre"
"@dupontdaniel33","DANIEL.D.."
"@LJTempete","TempÃªte"
"@Nathali97869130","Trinity"
"@Marius_Fluvius","Marius"
"@AymericLatour","Aymeric de LAROCQUE-LATOUR"
"@maryuellou","maryse"
"@malpensante_3","Nami(3eme compte)"
"@cmarlene_78","Divergente21"
"@Nathlry17","Nath Lry   #JamaisSansZemmour"
"@denisjo16","Fenrys"
"@polonissa06","polonissa"
"@batflec07843381","la France avant tout"
"@SylVie022327","Syl Vie"
"@Loumart21114231","Lou"
"@Corsu20A","Pat Guerini"
"@Georges73922577","Georges"
"@MattDelacourt","Matthieu Delacourt"
"@danubaud","ubaud daniel"
"@statemachinist","Statemachinist"
"@JeanLouisEldin","Jean Louis Eldin"
"@yannickza","Gaullobonapart"
"@cesarinijosy","Josy Cesarini"
"@cocochanel06000","CocoChanel"
"@LN_la_gauloise","La Gauloise Chretienne"
"@LeGauloisAverti","Le Gaulois Averti"
"@JCD78144942","ğ•­ğ–†ğ–‡ğ–”ğ–šğ–ˆğ–ğ–Šğ–‘ğ–”ğ–›ğ–Šğ–—Â®"
"@Barbarabichette","Barbara"
"@Jerarjunho","Pascal Meneaux"
"@Ermitage83","Arbre"
"@maguymar","Maguy MAR 63"
"@diabolo79419444","Chevalier Forezien"
"@ChrisJacq","Chris Jacq"
"@stephydu67","stÃ©phy"
"@AnthonyMura","Aper Noster"
"@LibertePeanuts","Peanuts_En_LibertÃ©"
"@GLecitoyen","Gaston LePatriote"
"@oolgixxx","Geran III"
"@FertLecoeur","Lorm Tuan"
"@jlouis_45","jlouis"
"@GODAN1001","Fabien"
"@OcrOckdUr","J'AIME LES INVALIDES âœâ˜¨"
"@FrenchXpat26","Matt"
"@DjoKoLeGoaat","Qui aurait pu prÃ©dire?"
"@Jokers0001","joker"
"@virgilemichel78","Virgile!"
"@SapientiaVerita","Sapietia e Veritas"
"@chrisbelb70400","ChrisBelb"
"@RetourUncledrew","Uncle Drew"
"@CFoulartd","Corine Foulartd"
"@CornubertD70","Cornub'D"
"@chakimiole","Carole MTC"
"@ant68127","Resistant France"
"@petittoctoc","Ourson Petit"
"@MImpli90521","Frost"
"@Liamus83","Bernard"
"@Guet_Down","#MangeTmlesHashtagS"
"@Taskasha","Natiris"
"@Bernard39559985","Bernard"
"@Boujoumapoule","PÃ¨re Lapouque"
"@flo48084802","Florent guillon"
"@piza25431","je suis qui je suis  Russie"
"@cochkka","Î£cohkkaÎ£"
"@ValloisFranck","Franck Vallois"
"@Null_Operator_0","Null_Ã˜perator"
"@00h00moins1","Minuit-1"
"@CHenryDelapomme","CharlesHenry Delapomme Z"
"@josycesarini","JC"
"@gilles_pace","Gilles PACE"
"@JeannedeSavoie","Jeanne de Savoie"
"@xor1343420","X OR"
"@FrdriqueGa62110","Tanguy21998144"
"@JBlanchonn92022","JF6386"
"@ChrisVales81","Chris Vales"
"@PascalH02833324","Pascal Huet"
"@Flavx66","Flavor Flav"
"@pierrecaz3","BioMolec"
"@Ulane2023","AndrÃ© Martin"
"@LVLVCV","LilooV"
"@ben99347","BENJO"
"@potitblagueur","Julios"
"@b27526","BAR.B"
"@EleganciaLuxury","BenExpatriation  - Elegancia Luxury"
"@CharlesFyda","Fyda Charles"
"@Sadsong55","Sadsong55"
"@LBelong","LW Belong"
"@Albator7466","Chuttttt"
"@imperator_x2","ğ•®ğ–‘ğ–”ğ–™ğ–†ğ–ğ–—ğ–Š ğ•"
"@LComplotis85799","Le complotiste"
"@TitouLeGascon40","Alexis Lucifer40"
"@KhalGrogo","Khal Grogo"
"@OncleLucifer","Tonton Lulu"
"@ElMosquito7059","VÃ©lo6rapports"
"@LezardSolupus","Sol"
"@TartarinF66800","Tartarin FrÃ©dÃ©ric"
"@hypographitr","Membre"
"@trollpatriote","Georges Marcel"
"@kzvesda","ierger robert"
"@pierre_beroy","Pierre Beroy"
"@Majormike63370","Michel Charbotier"
"@RaoulBitemboi","BientÃ´t"
"@CarrePaule","Paule"
"@Marie58831485","Marie"
"@ReseauPatriotes","le rÃ©seau des patriotes"
"@FRANOISEDU26281","FRANÃ‡OISE DUBOIS"
"@cailpas","Pasthie"
"@PpGuib","Pp Go"
"@Shreklevrai31","Bob"
"@Alex77zz","Alex 77  Matricule 207"
"@Helen_40R","Helen"
"@Gbucheton58","Gilles Bucheton"
"@VivelaFrance51","Vive La France 1515"
"@GilbertM_28","Gilbert"
"@Ouz9395","Ouzi"
"@bellatrix7","Dans lâ€™oeil du cyclone"
"@Sophiesainttro1","Sophiesainttrop"
"@Wyzzj","Ulysse"
"@axel_swailli","Axel-Swailli RN-UDR-DLF-ID_L"
"@1_saucisse","Kelly Diott (Elo itâ€™s me again)"
"@SmithHannibal66","Hannibal S"
"@SylvieNellinge1","Z Nelsisi"
"@S23Sylvain","Sylvain"
"@ChiBraxLeGrove","chib rax"
"@carlosj44479425","Les FlorilÃ¨ges macronistes"
"@AlvesBaudouin","Baudouin Alves"
"@eurielle4","GD"
"@LartasChrist","Christophe Lartas"
"@vincent95298758","LEMAIRE Vincent Daniel"
"@hugo_apolline","Apolline Hugo"
"@magaki834487","Magaki"
"@martinelyra","Martinelyra"
"@DianeTaille","Tatie Dianette"
"@lilou75905975","lilou"
"@BatricePLAISAN1","luccio027  #JamaisSansZemmour__X"
"@CedTtt","CedTt"
"@marc_flandin","Marc FLANDIN"
"@tekevzblz","ducks4evr"
"@I_pivoine","Isabel"
"@pascal00759","pascal"
"@GisouLaFee","Gisou Moi Et Toi"
"@Supra19115522","Supra"
"@dragonduclos","Barbara78"
"@lapas_sage","Lapas Sage"
"@lariflette50","EvePouvantable"
"@Kheops_69","khÃ©ops"
"@valerietri55019","val&rie"
"@TerritSolidaire","Territoire Solidaire"
"@CPlanq2","Chris"
"@socal_jessy","Jessy SOCAL"
"@Halcyon65","Halcyon"
"@Faratatouyeu","FARATATA"
"@patriote620","patriote masquÃ©"
"@raglenatio","Un Viking"
"@PhilHickethier","Hickethier Philippe"
"@baltha_sylvie","Sylvie"
"@LoccitanZ","Loccitan"
"@KPoetesse76669","Katryne PoÃ©tesse"
"@r_pichaud","rose49 / Roselyne Pichaud"
"@momodu901","Patriote a jamais"
"@JbJurgas","JB Jurgas"
"@Rodrigue374713","Rodrigue"
"@France61224153","ğ—™ğ—¿ğ—®ğ—»ğ—°ğ—²"
"@TMediafran38468","Back to the BLed fr fr fr fr"
"@mingus85","Mingus V"
"@MarionB1439","Marion"
"@DkuhnDk","DK67DK"
"@Sasha___Touille","Sasha Touille"
"@Domusignis","Domusignis"
"@Mouchette_13","Mouchette 13"
"@frachaba","FranÃ§ois Chabanet Ù†"
"@FrReever63","Le Patriote FranÃ§ais"
"@FranceSupRN","support France"
"@Corinne77930374","Corinne"
"@benoit_thole","Benoit TholÃ©"
"@DeniseSonck","CarpeDiem"
"@VictorienGBiet","Victorien Grospiron-Biet"
"@anthonygtr_","Anthony"
"@DannyWilde1968","Toto Le HÃ©ros"
"@thegentleman49","The Gentleman"
"@bibibabidiboum","PlaÃ®t-il"
"@Nanou77_2A","Nanou2A    ............"
"@le_majordomme","Jean"
"@PoissonEmma78","Poisson Emma"
"@pat75118","â˜…å½¡( â‚±â‚³â‚® )å½¡â˜…"
"@SPCTR243","ğ˜¡ğ˜—ğ˜¦ğ˜Šğ˜›ğ˜™ğ˜¦"
"@MichelDumas17","Michel"
"@madmax196614960","Mad max"
"@Shura2099","CÃ©dric C."
"@chacalo_el","Le gouverneur"
"@SurfingCelia","Celia"
"@Arym051099","Golem"
"@French_Right_","Le Chemin De La VÃ©ritÃ©"
"@ComtesseFrance","Comtesse-De-France"
"@NicsenSennic76","NICSEN"
"@IsaGaudion","Isabelle GDN"
"@katikat881","Katikat"
"@Rez1__sec","Batcool"
"@Montifringilla5","Niverolle des Aravis"
"@RicemoE89790","Sgt :Bleu,Blanc, Rouge, ancien Sgt Augagneur"
"@Spada1808","Kimchi"
"@davlad444","DaVlad â“©"
"@Cc7652516620930","Cc"
"@kalya03","Kalya"
"@poupette7154","Poupette7154"
"@antistups92","Antistups"
"@Atedjoe1","Atedjoe"
"@ClovisLuteceFR","Clovis Lutece"
"@BysmuthFredy","Bysmuth Fredy"
"@NinaPravda_","Nina Pravda"
"@newFandemode","Fandemode"
"@Arandzeo","Joncic Mirjana"
"@IsabelleSojfer","Sojfer"
"@dylan_4950","D"
"@vatosleo","Dimitri Legio"
"@RealKayzerJoze","Kayser JozÃ©   Alsaco-chti/Vikingo-yenich"
"@Jaimemavie12","Jaimemavie"
"@perlebb","Perle"
"@francisGodard1","francis Godard"
"@wnttaboutU","Marianne"
"@couic290","CÎ±ÑĞ¾IÎ¹Ğ¸Ñ”"
"@Lody66000","Loumy"
"@KevunKev","Kevin"
"@AvonJoel5462","Joel Avon"
"@P_o_r_u_n_g_a","Porunga"
"@Renaud_G_R_off","Renaud GEOFFROY-ROUAIXî¨€ğ•×¨× ×• ×’'×¤×¨×•×™-×¨×•××™"
"@anatoleJMLP","Bob Denard"
"@f_ch_winston","CharlesWinston"
"@MYOMIAOU357","MYO@MYOÙ†"
"@WaldOs94716163","OsWald"
"@EdKj666","Ed"
"@PascalTassera","Ptasserauk"
"@wassimzs_mind","WASSIM ZS Mind"
"@DavidDavid69639","David David"
"@PatrickRene30","Patrick RenÃ©-Marcel"
"@JustineMerieau","JustineMÃ©rieau#FF#Ciotti#Z#Retailleau"
"@guyard_bruno","Guyard bruno"
"@xieduor_lyon","Steph"
"@MmdDfc39","MMD"
"@HerosRogue","RogueHÃ©ros"
"@SansGauchee","AntiGauchiasse"
"@doowave","Doowave"
"@LeCrocodile_1","ğ‘³ğ’† ğ‘ªğ’“ğ’ğ’„ğ’ğ’…ğ’Šğ’ğ’†"
"@Ecotriote","Le Patriote - FREXIT - Stop OTAN - PAIX"
"@mathieuD33","Mathieu"
"@fedaikine2","Fred"
"@legrain2sel","Le Grain de Sel"
"@kafirpride","kafirpride"
"@Steph_Mrcr","Mercier StÃ©phane"
"@WilliWallace51","WALLACE William"
"@LemetFrederique","lemet frederique"
"@KellyVital70104","vitaline Kelly"
"@CeeJay80902603","Cee Jay"
"@fredericCRdeV","Frederic CR"
"@SambottSg","kasskroot"
"@Colinou4799","Colinou"
"@arbanenc","Michel57050"
"@RPF_offi","R.P.F"
"@bou95397","bernard bouffon"
"@DrekkRider","Drekk Plissken"
"@MartinRome3","Martin Rome"
"@jeanmarielapar1","Jean-Marie LAPARRA"
"@AlainCbius","Alain C."
"@DivergencePo","Divergence Politique"
"@blabliblablobla","La peau des fesses"
"@ROUYERChantal","Chantal Rouyer"
"@annescorpion","annescorpion"
"@orelvtr","Orel VTR Ã— Íœ Ã—"
"@NordisteSeb","Seb nordiste"
"@AriazDv","Ariaz"
"@Victori57499364","Victoria"
"@LHommeRobuste","Homme robuste"
"@scarlett54800","Vaness"
"@BonaldLoui64349","Louis de Bonald"
"@JPhMagnee","Jean-Philippe MagnÃ©e"
"@T_Le_Gaulois","T_Le_Gaulois"
"@JavicNero","Nero Javic"
"@KMyrtille","ğ‘ºğ’•ğ’‚ğ’ğ’›ğ’Š"
"@TSyl210461","sylvie T."
"@laurent1200s","laurent"
"@CedH54","Gasby  avec  /"
"@alainpaulweber","Alain Weber"
"@NevoLouis","Nevo louis"
"@_jeroboam_","Jeroboam"
"@wargondusud","Olive"
"@DSlayer2a","Denis Slayer2a"
"@Irishceltics14","forest cedric"
"@Maxlegaulois","De France mon pote..."
"@matheo_garreau","mgâœ"
"@Lunewinnie","Lunewie ï£¿"
"@Gabriel1845371","Scourge"
"@pierre94230","Pierrot le fou"
"@MEGAFR_Off","MEGA France Officiel"
"@FrancheTouche","Franche Touche"
"@ladypatriote","LaLadyPatriote"
"@mickygigli","Spider Halouf."
"@Bertrand33190","Bertrand Berry"
"@ZBGHerbert","Zbigniew H."
"@LeGonfanon","Le Gonfanon"
"@ArtMorbius","Art-Morbius"
"@GabrielleLamer","GabrielleLamer"
"@francevamal974","La France va mal"
"@DodgsonLs23022","M. Iceberg"
"@JJeffJJeff","Jjeffjjeff"
"@Ericsavoyard73","Ã‰rik 73"
"@AyleFaure24","AylÃ© Faure"
"@vlad_berrichon","RÃ©my Gration"
"@avenireflexion","Avenir Reflexion"
"@Nicofun842","TheNico"
"@Giga_Saul","GigaSaul"
"@EvaBienn","Eva.Bien"
"@ReineHildegarde","Hildegarde"
"@AugustinduNord","Augustin Letot  #freeFrance"
"@DolphenManuel","Manudol"
"@MickeyAzurMoka","mickey azur moka"
"@CarnetJc","JCC"
"@NlnAZS","azerty"
"@DameHetaire","HÃ©taÃ¯re"
"@PeineTheLordInq","Peine The Lord Inquisitor"
"@DarkSpearhead","ğ•¯ğ–†ğ–—ğ– ğ•¾ğ–•ğ–Šğ–†ğ–—ğ–ğ–Šğ–†ğ–‰  Ù†"
"@flirtleck","Maman Tortue"
"@machatte667","Machatte2"
"@jamalmalauionf","Bla2Bla"
"@Fumaxhazetek","hellâ€™s door"
"@La_Pourfendeuse","La Pourfendeuse"
"@ankh_biy7","Serge Biyong"
"@AxSrN11","."
"@APrv22","Antonin"
"@kestuvaferfrr","POLAK."
"@AbbruciatiM","Abmar"
"@MalloCacahuete","PateDamande"
"@belisab60","belisab60"
"@aquarel9000","aquarel9000"
"@matmylene38","mylene"
"@Luca_soria1926","VIVE LA FRANCE"
"@Francesinslam","France Patrie et Mecha"
"@Ptitfilou5446","Ptit filou"
"@1actu1j","1Actu 1Jour"
"@LucteriosG","Lucterios le gaulois"
"@123_JEncule_LFI","OneTwoThreeJEnculeLFI ğ•"
"@Frenchbreton35","Penseur FranÃ§ais"
"@Starlight55200","Astral-OpithÃ¨que"
"@Victori12751121","Victoria"
"@IADEavecZemmour","Les ZinfirmiÃ¨res Avec Zemmour"
"@NicPatt196924","Nic Patt"
"@marielahache","Marie La Hache"
"@WolfStar8950","anonyme 50"
"@DJ_U_FR","Justin Petitpeu"
"@FdFoch","Ferdinand"
"@rolsur","Roland"
"@Rtcnmp2","Rtcnmp"
"@lassusandre1","lassus andre"
"@huguenotfrance","Armand R! â˜¨"
"@No_Oxygen_4_U","No_Oxygen"
"@FloBi81","FloBi"
"@napoleonixator","Juliux.Clementus/Austerlitz"
"@JohnDoe1424244","John Doe"
"@Scari75","Roro"
"@Coolzro1","Jenaimarre"
"@Captaineflammes","nono"
"@juno7514142131","juno7514@OUTLOOK.FR"
"@MInstantLinks","Make Instant Links"
"@stephan_199","STEPHAN#199"
"@LesColonnies","Bridgebit"
"@RoxSurvival","Rox Survival"
"@LitanteMimi","Mimi Litante"
"@BrdgMl","Mlbdgr"
"@MEGA_please_","MEGA - Make Europe Great Again"
"@mike14027843","Mike R"
"@MerlouA800323","MERLE Oswald"
"@myrtillemyrt","Colomba"
"@louisetteduboi","Louisette"
"@Patrick_Erben","Patrick"
"@sophocle1154","Sophocle"
"@zhangpixop","Jojo"
"@_letankiste_","Valentin ï£¿"
"@thislia0902","Thislia"
"@last_emperor_25","ğ““ğ“®ğ“»ğ“·ğ“²ğ“®ğ“» ğ“”ğ“¶ğ“¹ğ“®ğ“»ğ“®ğ“¾ğ“»"
"@AristideLaunay","AristideMoulamed"
"@HugoBlourdier","Hugo"
"@umrafu","Raf Um"
"@Yesso421","Yesso"
"@OlejPhil","phil olej"
"@GautierM54","Gautier"
"@Wexxou","Wexxx"
"@maxence1994","Maxence1994"
"@Darxcioo3","WhiteHunter"
"@vincemah","Vince MaH"
"@RuizVelvet92","Virginia"
"@huguesneghnagh","Neghnagh"
"@malakian74","Pitch"
"@BacussB39990","Bacuss Bacuss"
"@MallardSeb","Requiem F.T.W"
"@mangoshino","Mangoshino"
"@GaultBruno","BRUNO GAULT"
"@Soupe_Atomique","Rinalof V"
"@LaineAntho71508","Anthony Laine"
"@RaeLeesoon2","Rae Leesoon"
"@jeromeschall","JÃ©rÃ´me Schall"
"@GerardPaul95405","Gerard Paul"
"@clovis_1789","Clovis 1789"
"@gezugolin","GÃ©zugolin"
"@Dk28100","Caro d"
"@Orangia51","Le Raton Laveur"
"@MichelPatulacc4","Michel Patulacci"
"@chrisbaile06","Christiane"
"@Kronos994996561","Kronos"
"@NouvelleVoieFR","Thierry | Nouvelle Voie"
"@lpvlnshv","Sarah de Gascon de Saintonge"
"@Andras67255431","AndrÃ©as"
"@CtChristel23","ChristÃ¨le"
"@lkkkuuk","LKII"
"@jookzie","jookzie"
"@CycyDm","Cyrielle G. de Montjay"
"@DilectusGallia","Douce France"
"@pguermeuroff","Philippe GUERMEUR #ReconquÃªte !"
"@SLandaise","sophie la landaise"
"@hydropruben","hydropruben"
"@Krikritoune","Chris  Patriote et fier de l'Ãªtre !"
"@LionneXST","Lionne"
"@ManymattMa08","Patriote"
"@Benoit23C","Benoit23C"
"@D4rkDissident","Dark"
"@OEschlimann","Olivier Eschlimann"
"@nowaktombe","Tom Nowak"
"@ZenkoLespadon","Zenko"
"@mrzpatriote","Martin"
"@aventurierdu66","criscrisdu66"
"@TRUEYESNO","TRUEYESNO Ma France LFI-ISLAM"
"@meg340291861620","meg"
"@_JaxTelIer","Ackerman"
"@LaurentBloyet","Bloyet Laurent"
"@GusDP2","GÙ†s Patriote"
"@popssau","Popssau"
"@BoutetMimine","boutet"
"@hardcomplainX","pops"
"@TitouD5","Oliv.39"
"@Auvergnix0363","Auvergnix le Gaulois"
"@Bastineto","Bastien"
"@ClairMarjo70055","Marjorie Clair"
"@lapignouf78","no comment"
"@BssnMarine","Thesmos"
"@maxlegrosmatou","max  pionnier ReconquÃªte"
"@ChloRicky1","ChloÃ©_Ricky"
"@ericbelon65","Eric B Patriote"
"@CafeCompta56202","Compta Ex Musulman"
"@PhilippeRives83","Philippe Rives"
"@walterwoodd","Walter"
"@AdrienLeMonk","Adrien Monk"
"@Pascal11703","Pascal Garos"
"@Gt_Fring","Gustavo Fring"
"@stephane_adam","StÃ©phane"
"@CathPicardie","Cath De Picardie"
"@K47natio","Kev la menace"
"@gigapersillade","Persillade saoulant"
"@Noahcfo2","Me_Suricato"
"@JRMM13MZRG","JRMM"
"@LaVarham","La_FronÃ§e_Bien_Soumise____RÃ©veil_Patriote"
"@LeoDeNecy","Leo de Necy"
"@DaguzanJ","TEMPLIER"
"@mirage1340","f.lambda"
"@Adrien_gsr","Adrien"
"@NinaF1000","Nina lrz"
"@ledracoo","Le D"
"@D_101_M","DCCXXXII â“©"
"@CozannetBernard","Le retour du blaireau"
"@22mb55000","LE CHAT"
"@lorgar18072032","Lorgar180"
"@Virgflr","â˜†â™¤â˜†â™¤"
"@GaelAlby33","Alby GaÃ«l"
"@MonsieurMarcad1","Lou Pan Bagnat"
"@atchoumeur68","Catchoumeur68"
"@patchach","TomÃ©"
"@OLEVILAIN","TOUCHPAMAFRANCE"
"@CedCollier","Ced 4517"
"@Nuage84797721","Nuage"
"@phoenixsim777","REMPLACEMENT-TV"
"@clovis1039","Clovis1039"
"@Tanystropheus1","Pierre Brochant"
"@VincentEric34","VincentEric34"
"@douard20412180","Ã©douard"
"@Illbeback359642","I'llbeback"
"@mickarocco","Mick"
"@Pdsdlc","Pierre S. Ù†"
"@BrunoTeh","Bruno LELEU"
"@loicfr25","LOÃC"
"@Blabla2Jack","Uncolonized Mind"
"@PicardPatriote","Ch'Samarien"
"@FabreBernadac","Fabre-Bernadac"
"@CapetLouis14","Dugenoux Marc"
"@ForceEtPatrie","Le gaulois"
"@Cloclolemero","le penisher"
"@titidesneiges","ElÃ¹"
"@KC_POULETOLeKFC","POULETO LeKFC"
"@superblade83","blade"
"@QuenKGrande","QuenK"
"@zvr6900","zvr23"
"@shiroyashaneko","Shiroyasha Neko"
"@andregatineau38","AndrÃ©"
"@wwwculotteme","liberty"
"@eliottjojo","Eliott"
"@Patdu83136","Patdu83Les Patriotes"
"@IllBeBack56","Eric Berthelot"
"@JeanKulasek74","Jean Kulasek"
"@MiladyBeltham","Milady Beltham"
"@GregSayad","Papoux"
"@tweetderomu","Romu"
"@AngHomg","A"
"@gaia8909","Gaia"
"@killzone05959","menard SÃ©bastien"
"@ValDeChatenay","LIGHT."
"@FraudeClancois","BOYA"
"@LeCoqCain","Le Coq Cain"
"@BurnsLewai01","Montgommery Burns"
"@ActuSouveraine","Actu Souveraine"
"@l_AGIE_l","SRO / OSINT WeebM@ster / â—"
"@traque2gaucho","Traque2gaucho"
"@cobrakai8014","Vegeta"
"@sebixyzx","La France du Bon Sens"
"@Discord_Enosis","Discord Enosis"
"@VVVfrance","sans_faire_de_concession"
"@art_en_flo","Flo î¨€"
"@vivikrf","Vivi"
"@Zegal_","Aquapoulco"
"@Valosh59160","Valentin"
"@polskafr","Membre"
"@Chris_pies59","Chris Pies"
"@Siixela2710","FC ALMADA"
"@BouleetBill24","Mohican"
"@fwdbtc","fwdbtc"
"@GlwadysProcula","Gwladys"
"@Sonioutz","Slutz"
"@LydiaTalbot10","Lydia Talbot"
"@Jean82622288","Jean"
"@RexFrancorum496","FranÃ§ois"
"@chris482660","Funchrist"
"@UnFrancaisJuif","JusteUnJuifDeFrance"
"@Minaamathieu","Minaagabor"
"@Christi64590636","Christine"
"@Rbc198","Romain"
"@bocca20","Bocca20"
"@Antonio70463747","Antonio Le Vrai"
"@chvanhuffel","CMV"
"@Qurlqundesympa","Greg"
"@Tony5110007","tout rÃ©former"
"@BakeliteCharlo1","Bakelite Charlotte"
"@Canelle13bt","Barbara"
"@Jaramillo234","Seb JG"
"@BD71_lyon","BD71"
"@FinistereTyrion","Tyrion_FinistÃ¨re"
"@bretzelfrei","Bretzel"
"@Ikari97997375","IKARI"
"@Roya17_","Roya17"
"@anatoleee5","anatole"
"@titiss49","Tisserond"
"@pmloikkiujhy","xena"
"@GillesBastard06","Bastard Gilles"
"@EmmaBahoff","ğ“”ğ“¶ğ“¶ğ“ª"
"@Mel0dy_Nels0n","Melody Nelson"
"@Analphabte33","AnalphabÃ¨te"
"@NatasAmoreNero","Natas"
"@Arthur339214445","Turok38"
"@Dimitrixrp13","Dimitri"
"@GJourneaux","Zemmour Toujours !"
"@ALLPARTNERS83","Le Jack"
"@MarieLoktigny","Marie Lok"
"@mmacadamm","Marguerite"
"@_PhilV","Phil V"
"@CPorteu","Caroline Porteu"
"@RomainThie58175","Thierry ROMAIN"
"@psychedelicost","Julianna"
"@Justin070806","Justin"
"@mekeskidi2","mekeskidi2"
"@T_Nikirho","A Roma fate come fanno i romani"
"@Mathieu_Csta","Mathieu Csta"
"@DonjonVauban","Donjon Vauban Ù†"
"@FauchetSylvie","Fauchet Sylvie"
"@antibienpensan","Anti bien-pensants"
"@laetitia837616","Laetitia pch"
"@JDeschavanne","Jeremy Deschavanne"
"@DimitryBertrand","Ti mec"
"@nickyuko47","Steven Pinlou"
"@Lafayouze","Yuri"
"@wblack_pearl","White pearl"
"@Clint546","Aunomdedieu"
"@Mo48820","morgan munoz"
"@MarieAm58549926","Marie AmÃ©lie"
"@ShortyLeDino","Shorty LeDino"
"@Mel_Odieuse_","Mel_Odieuse"
"@BertrandFl42741","Tata"
"@AltitudeCassy","Cassy"
"@CrnlTony","Anthony Crnl  IdentitÃ©LibertÃ©s"
"@FrDemocratique","France DÃ©mocratique"
"@TomSaturo","TomSaturo"
"@AudreyFlo83","FLOFLO"
"@RakrekOliv","Le Lucide 25"
"@Doryu7","Julien"
"@DeriazJuliette","Juliette Deriaz"
"@_mundgawi_","á› Mundgawi á›"
"@Clyff69","Biscotte"
"@ChuckTheMoon3e","Chuck The Big Moon"
"@CalimroDuTexas","CalimÃ©ro"
"@matrixfr","Matrix LeGrand"
"@MamiPintou","Mami Pintou"
"@SergeBue","Serge BuÃ©"
"@jean74684646","jean"
"@Ordre_StAntoine","Antoine LÃ©unmenteur"
"@lapatriote18675","La Patriote Fiere"
"@TassedeT__","TassedeT"
"@RX54402564","R!X"
"@3Vive_la_france","A_French_Girl"
"@an_d55","AnaÃ¯s D"
"@W_K_B_974","W_K_B_974"
"@CerebroOnAir","Cerebro"
"@soniasonia42310","sonia monat"
"@AlexandreHAMANN","Alexandre Hamann â˜¨"
"@ExtremeFrance","CHRISTOPHE  EXTREME-FRANCE"
"@sylviane_lopez","sylviane lopez28-10-1956"
"@Maya_de_Luna","Maya De Luna"
"@HenckHIK","Henck Christian"
"@MarieJVogel","Marie Jeanne Vogel"
"@Rnpourlafrance","France"
"@GOATzemmour","Z0ZZ"
"@Auguste_Capello","OcÃ©ane Capello"
"@DiggerFr","No WWar 3"
"@Marilyn_Moanroe","ğ”ğ”ğ”¯ğ”¦ğ”©ğ”¶ğ”« ğ”ğ”¬ğ”ğ”«ğ”¯ğ”¬ğ”¢"
"@MPH_75","Michel"
"@Lancelot4722","Lancelot"
"@Eudeslejuste","Eudes Le Juste"
"@mirocaso","Michael Roger"
"@JoMarti82391941","Jo Martin"
"@larama_vau","Larama"
"@BluebellLeda","Leda Bluebell"
"@RenardNational","Renard National"
"@Enkidonarhell","Paxbringer Michel"
"@VeroneAndrea55","Verone Andrea"
"@grainecosmique","grainecosmiQ TrumpPoutinePatriote!!!"
"@Cactus2260","Qactus"
"@Facultatif33437","5.0"
"@LatinosOne","Julien Cabanas"
"@GolfMarcel","Marcel"
"@patochebelleden","Patoche"
"@Evelys83","Zylvie -83-"
"@mowchi75","âœï¸ ğ–’ğ–†ğ–ğ–Š ğ–‹ğ–—ğ–†ğ–“ğ–ˆğ–Š ğ–Œğ–—ğ–Šğ–†ğ–™ ğ–†ğ–Œğ–†ğ–ğ–“ âœï¸"
"@OlivierDutheil","Olivier Dutheil"
"@JeSuisBatmanLOL","HÃ©risson sauvage"
"@Sleepwalker1881","Adolf II - Dit ''Le ModÃ©rÃ©''"
"@ChatNoirGris","Nobody"
"@Rn_realite","Jeremy"
"@Mathieu6959","Mathieu"
"@NithoPrince","Prince Nitho"
"@Antoine__AF","Antoine"
"@tchoupyto","sal.con"
"@rvoltepopu78101","rÃ©volte populaire"
"@BordesAlexis","Ray"
"@MirieManelli","Mirie Manelli (Parodie)"
"@lareconquerante","la rÃ©sistante"
"@manonlebon974","Manon Lebon"
"@Kawatime129803","â¼’ Luke"
"@lecoqfrancaisfr","Le Coq FranÃ§ais"
"@TheMacDriver","MacDriver"
"@justre39648","Renaud Justre"
"@rachelpaiigedav","Rachel Davidson"
"@Eric_Baraban","Baraban"
"@RaymondeAlibert","Raymonde Alibert"
"@dumptrash89","Boeuf Bourguignon"
"@marcb9670","MARC -Un rÃ©sistant FranÃ§ais Ã  l'invasion islamique"
"@sai78248","Philippe RomanÃ©e Conti"
"@Lucie26100","ğ‘³ğ’–ğ’„ğ’Šğ’†"
"@asterixfronce","asterisques et pÃ©rils"
"@RGT34200","RGT34"
"@BlueSkyyy52","CÍ¡ÍœlÍ¡ÍœoÍ¡ÍœuÍ¡ÍœdÍ¡ÍœyÍ¡Íœ Í¡ÍœSÍ¡ÍœkÍ¡ÍœyÍ¡Íœâ˜†"
"@dad9313050","Dad93130"
"@msaaaazz","Msa"
"@tom90637","Tom le Paresseux"
"@patrioteenragee","Patriote"
"@lolo3156158720","lolo31"
"@ChDha4","Le Coq"
"@GmprogEtLigneC","Fifaille"
"@VictorAdams__","Victor Adams"
"@_Mr_le_chat_","Mr le chat"
"@HakimFFPOffi","Hakim FFP"
"@username484627","username14"
"@Flacoutis","Joffrey"
"@pat2gen","pathogÃ¨ne"
"@lepatriote_1","lepatriote"
"@Luciie26100","ğ‘³ğ’–ğ’„ğ’Šğ’† âœ"
"@pixandgraphx","kristel giudice"
"@ParadyDSM","ParadyDSM"
"@LaVraieVariole","charles ingalls"
"@Honieoklm","TS"
"@Lilith_7890","Lily Von Holen"
"@TchouOreo","AvGloria"
"@0ooMikeoo0","MikEâ„¢"
"@kie53649","Ludovic kienlen"
"@nisaymo","nisaymo"
"@vince_mrn","Vince Mrn"
"@MegaDroite3000","La libertÃ© d'abord"
"@PapyRagnar40","PapyRagnar"
"@Deniscollard2","collard Denis"
"@jm8xx","Jm8"
"@MiduKayz","Midu Kayz"
"@JeanKermo","jean kermo"
"@UPR_LUTHOR_94","UPR - F.A - FREXIT"
"@aboirejptlebar","KOBRASHNIKOV PS4"
"@FleurDeValady","Fleur de Valady"
"@RomainMoquin","Romain Moquin"
"@yvon_l","Yvon L'Allier"
"@Marche24Souv","Marche de la SouverainetÃ© 2024"
"@LolowTeixx","12.02.24"
"@adytrn95","AdyRo95"
"@GantVert1798752","GÃ©antVert"
"@HandmanMister","mister handman"
"@80OLEK","î¨€ â˜¨ OLEK80"
"@ThePoulPinou","PoulPe/CÃ©dric"
"@Jolvqqq","doune"
"@la_doucki77","Alice_Ed#JamaisSansZemmour"
"@Paser95","Eric Montagnier"
"@zazzou1","Jazzouzaz"
"@sbpa2023","Clotilde"
"@t98hzmyrbg11","Venus"
"@MAUVE_REBEL2","REBEL WOLF     Compte 2"
"@Senshitoshite_","Salty"
"@juvenale38","Anne O' (38) FRR! 2+2=4"
"@luzo_manuel","Fil le Lusophone"
"@GdaPapycousin","Geoffrey"
"@fiergaulois75","Philippe"
"@aninave","Danielle Leblanc"
"@_lucieferr_","lucie-de"
"@RobillonCyril","Cyril Robillon"
"@_magnitudezero_","Magnitude Zero"
"@JosephCACCHIA2","Joseph CACCHIA"
"@nicolaslef24444","Nicolas"
"@Fantax1967","S@mBot"
"@lookingforwat","Sh*tco Capital"
"@Ct4Nico","CT4Nico"
"@457_anonyme","anyme_457"
"@Karl_Inski","Karl Inski"
"@Vindicta2_fr","Vindicta"
"@Furio8630028226","Furio"
"@MichaelGeo12447","Michael George"
"@lauftn","Cooperatores Veritatis"
"@MickGhost1625","Patriote"
"@PatrioteAnonym","Patriote Anonyme"
"@VincentVintz","Vincent"
"@GalateaaGG","GG."
"@RanqueJp","JP Ranque"
"@DumontMeunier","GENOVEFA Minerva"
"@hubert2911","Thierry Lollierou"
"@RafR91391680","Riri"
"@miseaupoint2","France c'est un histoire qu'on embrasse pas MC DO"
"@BibiLiberta31","Bibi31"
"@PierreD27278034","FranÃ§ais"
"@NicolasChanel3","Nicolas Chanel"
"@PFr0081","bernardM"
"@LVSbe77","Louise von SalomÃ©"
"@ladelichieuse","DÃ©lÎ¹cĞ½Î¹eÏ…Ñ•e âœ¿"
"@PesantMaxime","Maxime Le pesant #jamaissanszemmour"
"@philipp83040799","philippe Dumont"
"@MARIEnefertiti","Marie Nefertiti"
"@Belle_du_champ","Belle des champs"
"@rdxdns49b8","Petit Gibus."
"@MyladyOrwellia","Mylady Orwellia"
"@Lub14P23279","Fany2"
"@NorbertNoguera","# SOS FRANCE"
"@Pouletdefrance_","Poulet de france"
"@GhisfloPatriote","Ghisflo patriote"
"@jeanphilip31792","jean"
"@recolonisation","Malachie d'Armagh."
"@Bnj7_","Benji7"
"@max_bont","Max Bont"
"@sev3522","Svn Crl BZH"
"@OlivierMorlat","Olivier M !"
"@Claudiu46480162","Claudius"
"@agbed47","Fallet"
"@Roddyspa","VIVE LA FRANCE"
"@ViaTik21","ViaTik"
"@anti_wokeFrance","Collectif Anti-Woke"
"@lh_isabelle","Isabelle LH//liberte @justice @resistante@ 0 vax"
"@ColibriExt54386","Marie Ex Muz exacerbÃ©e. #jamaisSansZ"
"@selrath034","Selrath034"
"@fun_to_funeral","Ã†nima"
"@gaetan_and63505","El Barto"
"@CeccatoMarion","marionceccatooff"
"@AnnieDelgr48987","Annie"
"@44200Astro","Astro"
"@AlineSchiltz1","Aline Schiltz"
"@DertuMarc","Marc dertu"
"@AHSauget","AS1988"
"@SindacatoSUE","Sindacato S.U.E."
"@Richard14013919","Richard Mr"
"@Cassandre2Troie","Cassandre de Troie"
"@Simply___yo","yo"
"@Tameshigiri_","T"
"@patrirobp","Patick Roux"
"@ThebaultClaudin","Laborie Claudine"
"@ivano51857","Pour la FRANCE !!!"
"@didtdoun","doundar6x"
"@YannouVonDadab","Jean nÃ© Mardek Rokhonsâ“R!â™°"
"@LeComteEcarlate","Droitard"
"@stephane77608","B S"
"@Frau_Blucker","Frau Blucher"
"@Spirou75","Spirou75"
"@esh_daat","Lev Levovitch"
"@XXxx00079166","VÃ©lo de Paris"
"@youlahup","YOULAHUP_barbatruc"
"@SecretDKB","Michel Souris"
"@EmmaWeinbergX","Emma de Weinberg"
"@thellis1968","Thierry_PR!"
"@renelechaumier","RenÃ© le chaumier"
"@arale78160","arale"
"@Tom_O_cumin","Tom O'Cumin Ù†"
"@Ph_Gerbier","Le breton"
"@la_fracture","La Fracture"
"@Val5609","â“Val"
"@RomainGary509","Romain Gary509"
"@OsintYB","OSINTYB"
"@Choise06titi","choise06soutien Ã "
"@lossbe54","F.S"
"@delima14073750","AndreDL"
"@tontisse64","Cousin Pons"
"@NicoZezette","NicolaZ"
"@GKitlarz26237","Guislaine KITLARZ"
"@oliviernantes44","olivier"
"@gauloisvirtuel","ğ”¾ğ•’ğ•¦ğ•ğ• ğ•šğ•¤"
"@OntArrache","On T'arrache"
"@ericpscorpion","BERET ROUGE"
"@oule9621","Cham12"
"@froiddeville","Charles de Froiddeville"
"@jacouille9295","karine"
"@lily83x","Llly83x"
"@marcus561","Marnik  fier de mes valeurs, mes racines"
"@claude55girard","Claude Girard"
"@Osmo_Demonei","Osmo Demonei"
"@hardy_alain","Alain HAR!DY"
"@RudyD19842125","Rudy D"
"@Whiterobfr","JACKSPA 0x"
"@JOINCROYABLE","Jonathan Incroyable"
"@RNjacques30","Jean-Michel MARTIN"
"@Berthie93","LÃ©naÃ¯g de Brest"
"@Marieclaud57351","Marie claude"
"@LAuvergnat63000","L'Auvergnat"
"@mi12332_michel","LEGIO III Gallica PATRIA"
"@XAnjorand","Xavier Anjorand"
"@mupiepid","Pidance Muriel"
"@Audreybretagne","Audrey bretagne"
"@BaillNicky","Nicky baill"
"@AlisuLilly","LillyAlisuDanoki"
"@_pierreclaire","Pierre ClairÃ©"
"@michelbriems","Michel BRIENS"
"@maximepatrick","Patrick"
"@BroustOliv9546","Olivier BROUST"
"@taverne_captain","Captain Taverne"
"@franceoccident","France occidentale"
"@ClaudiusOlibri1","Claudius Olibrius"
"@SerpagliLine","Marie Line Serpagli"
"@avion_sam","HALAIL"
"@Rebecca_dadi","Rebecca D.Cohn"
"@RubanDominique","Domi12"
"@coucou5960","Le Varan"
"@DenisB46718642","Denis"
"@veguigui","Guigui #IStandWithIsrael"
"@DAVEANTIWOKE","Dave"
"@Chega_007","Chega"
"@Fakro_Shadow","Fakro_Shadow  / UE  = Dictature / FREXIT"
"@dame_iza87760","Dame Iza"
"@SeiferGamer57","SeiferGamer57"
"@Hugo3062","eul Chudiste"
"@stuff13013","stuff 13"
"@V1RG1N1A_YT","Virginie Fortune"
"@SummersonFred","Fred Summerson"
"@EEcrou","Elcucurucco"
"@plus_ace8917","plus ace"
"@MariedeFra88656","Marie deFrance"
"@Kidder1978","Lois Lane"
"@HZampirollo","H. Zampirollo"
"@LusoHerisson","HÃ©risson"
"@FunakoshiG48801","funakoshi gichin"
"@MadameResus","Resus_du_71"
"@EstelLouve","Estel Louve"
"@miticobelga","Mitico Belga"
"@VenomBzh","Venom"
"@Sophia_Anna13","Sophia Z"
"@Pascalou999","Pascal Aphtes"
"@VroniqueFr17650","VÃ©ronique FranÃ§oise"
"@Daval1920","HarDX"
"@Nide777","Nide777"
"@sunstarsinsky","Thalie"
"@degguBgguB","Bugg Bugged, cheeky bugger"
"@isaquiriecorsu","Isavas"
"@Le_Valet_57","Le Valet"
"@micahMaupassant","Micah - Pedri me rend heureux"
"@Anti_gaucho60","alex"
"@BoncoinPie2606","pierre"
"@RealNatanIsrael","Nathan Israel"
"@RustySawSaw","Sawyer"
"@SylvieP56breizh","Sylvie P"
"@aufonddupot","Thierry M"
"@manonbymanon_","Manon"
"@JeyMartini","Jey Martini"
"@GGuerout","Guillaume GuÃ©rout"
"@LicorneLoveU","âœ Licorne"
"@fr_platinio","Dorian Platinio"
"@AiglesEmpire","AiglesEmpire"
"@alinegirar36619","aline girard"
"@da13016","d a"
"@gregnatio","Greg le survivant"
"@Azulabtw","ÊŒzÏ…"
"@Clovis010085662","Clovis"
"@NicolasHrbn","Nicolas Hrbn"
"@TrueEarthnow","TrueEarth"